产品名称,产品编码,类别,规格编码,品牌,参数,单位,计划数量,部件类型,部件型号,容量,单台数量,备注,排序
运算服务器,CMP-SRV,算力,CMP-BASE,定制,"机箱：4U服务器机箱
主板：嵌入式工业级主板，配风扇的散热模块
内存：SO-DIMM内存
接口：VGA、USB、以太网等接口
扩展：6槽位PCIe扩展板（默认不含显卡）
电源：定制多路输出电源
光模块：双光千兆",台,1800,,,,,,1
运算服务器,CMP-SRV,算力,CMP-5090,定制,"机箱：4U服务器机箱
主板：嵌入式工业级主板，配风扇的散热模块
内存：SO-DIMM内存
接口：VGA、USB、以太网等接口
扩展：6槽位PCIe扩展板
电源：定制多路输出电源
光模块：双光千兆",台,150,加速卡,RTX5090,,6,,2
运算服务器,CMP-SRV,算力,CMP-4090,定制,"机箱：4U服务器机箱
主板：嵌入式工业级主板，配风扇的散热模块
内存：SO-DIMM内存
接口：VGA、USB、以太网等接口
扩展：6槽位PCIe扩展板
电源：定制多路输出电源
光模块：双光千兆",台,150,加速卡,RTX4090,,6,,3
存储服务器,STO-SRV,存储,STO-8TB,定制,"机箱：4U服务器机箱
电源：长城GW-GRPS800-2H
内存：skhynix 32GB DDR4-2133P ECC
网卡：双口光纤网卡
CPU：Intel Xeon处理器（双路）28-40核，主频2.0GHz以上，支持超线程
主板：supermicro双路服务器主板，支撑两颗CPU及多根DDR4 ECC内存条
光模块：双光千兆",台,388,硬盘,DC HC320,8TB,36,,4
